{
    "root_group": {
        "name": "",
        "path": "",
        "id": "d41d8cd98f00b204e9800998ecf8427e",
        "groups": {},
        "checks": {}
    },
    "metrics": {
        "iteration_duration": {
            "p(90)": 1685.0975168000002,
            "p(95)": 2209.998157599998,
            "avg": 733.7775490767141,
            "min": 88.153125,
            "med": 469.406083,
            "max": 5186.856567
        },
        "http_req_receiving": {
            "avg": 0.1106210753564155,
            "min": 0.015042,
            "med": 0.095125,
            "max": 2.858458,
            "p(90)": 0.17104980000000003,
            "p(95)": 0.2017254
        },
        "data_received": {
            "count": 853139,
            "rate": 13313.325569695739
        },
        "http_req_tls_handshaking": {
            "max": 185.959833,
            "p(90)": 0,
            "p(95)": 0,
            "avg": 6.024823363883232,
            "min": 0,
            "med": 0
        },
        "vus_max": {
            "value": 50,
            "min": 50,
            "max": 50
        },
        "http_req_waiting": {
            "p(90)": 1648.4067094,
            "p(95)": 2190.209653999999,
            "avg": 724.3226416130349,
            "min": 87.918834,
            "med": 448.513708,
            "max": 5186.427271
        },
        "http_reqs": {
            "count": 1473,
            "rate": 22.986322937014748
        },
        "data_sent": {
            "count": 94629,
            "rate": 1476.6956912469575
        },
        "http_req_duration": {
            "avg": 724.5451051425664,
            "min": 88.048417,
            "med": 448.770042,
            "max": 5186.664481,
            "p(90)": 1648.5791262,
            "p(95)": 2190.384854199999
        },
        "http_req_duration{expected_response:true}": {
            "avg": 724.894247341851,
            "min": 88.048417,
            "med": 442.9246465,
            "max": 5186.664481,
            "p(90)": 1649.188218,
            "p(95)": 2193.840569949999
        },
        "http_req_blocked": {
            "p(95)": 0.0017663999999999974,
            "avg": 9.062742494229438,
            "min": 0.000084,
            "med": 0.000792,
            "max": 298.018333,
            "p(90)": 0.0015
        },
        "http_req_connecting": {
            "avg": 3.001614067888662,
            "min": 0,
            "med": 0,
            "max": 95.65975,
            "p(90)": 0,
            "p(95)": 0
        },
        "iterations": {
            "count": 1473,
            "rate": 22.986322937014748
        },
        "http_req_sending": {
            "avg": 0.1118424541751528,
            "min": 0.014916,
            "med": 0.088458,
            "max": 3.253959,
            "p(90)": 0.16614160000000003,
            "p(95)": 0.2097331999999998
        },
        "vus": {
            "value": 1,
            "min": 1,
            "max": 49
        },
        "http_req_failed": {
            "passes": 25,
            "fails": 1448,
            "value": 0.01697216564833673
        }
    }
}