{
    "root_group": {
        "checks": {},
        "name": "",
        "path": "",
        "id": "d41d8cd98f00b204e9800998ecf8427e",
        "groups": {}
    },
    "metrics": {
        "http_req_duration": {
            "avg": 300.2640725612043,
            "min": 88.912252,
            "med": 108.971595,
            "max": 4499.862215,
            "p(90)": 797.886192,
            "p(95)": 1018.571716
        },
        "iteration_duration": {
            "p(90)": 802.139257,
            "p(95)": 1040.752091,
            "avg": 304.30922941266664,
            "min": 89.060255,
            "med": 109.118431,
            "max": 4500.043926
        },
        "http_req_tls_handshaking": {
            "avg": 2.604069242260721,
            "min": 0,
            "med": 0,
            "max": 206.329683,
            "p(90)": 0,
            "p(95)": 0
        },
        "iterations": {
            "count": 3521,
            "rate": 55.82281967989718
        },
        "http_req_blocked": {
            "avg": 3.9081554717409084,
            "min": 0.000041,
            "med": 0.000625,
            "max": 324.425623,
            "p(90)": 0.000958,
            "p(95)": 0.001334
        },
        "vus_max": {
            "value": 50,
            "min": 50,
            "max": 50
        },
        "http_req_connecting": {
            "med": 0,
            "max": 106.28218,
            "p(90)": 0,
            "p(95)": 0,
            "avg": 1.2916324720249932,
            "min": 0
        },
        "data_sent": {
            "count": 185969,
            "rate": 2948.3993050414083
        },
        "http_reqs": {
            "count": 3521,
            "rate": 55.82281967989718
        },
        "http_req_waiting": {
            "avg": 300.08740267083215,
            "min": 88.741791,
            "med": 108.782884,
            "max": 4499.75663,
            "p(90)": 797.748149,
            "p(95)": 1018.431339
        },
        "http_req_receiving": {
            "avg": 0.08734794802612897,
            "min": 0.008375,
            "med": 0.074626,
            "max": 1.385896,
            "p(90)": 0.141835,
            "p(95)": 0.169836
        },
        "http_req_duration{expected_response:true}": {
            "min": 88.912252,
            "med": 108.595714,
            "max": 4499.862215,
            "p(90)": 796.4417540000002,
            "p(95)": 1018.3006618,
            "avg": 300.0045075331626
        },
        "data_received": {
            "count": 1749722,
            "rate": 27740.53271682734
        },
        "http_req_failed": {
            "passes": 8,
            "fails": 3513,
            "value": 0.002272081794944618
        },
        "vus": {
            "max": 49,
            "value": 1,
            "min": 1
        },
        "http_req_sending": {
            "min": 0.01025,
            "med": 0.075084,
            "max": 0.882763,
            "p(90)": 0.132543,
            "p(95)": 0.167086,
            "avg": 0.08932194234592436
        }
    }
}