{
    "root_group": {
        "checks": {},
        "name": "",
        "path": "",
        "id": "d41d8cd98f00b204e9800998ecf8427e",
        "groups": {}
    },
    "metrics": {
        "data_received": {
            "count": 950582,
            "rate": 15124.311686498419
        },
        "iterations": {
            "count": 1696,
            "rate": 26.984344980550148
        },
        "data_sent": {
            "count": 103336,
            "rate": 1644.1357741215388
        },
        "http_req_blocked": {
            "avg": 8.152729886202813,
            "min": 0.000083,
            "med": 0.000875,
            "max": 432.80598,
            "p(90)": 0.001708,
            "p(95)": 0.0019684999999999967
        },
        "http_req_connecting": {
            "avg": 2.6590102069575474,
            "min": 0,
            "med": 0,
            "max": 115.913588,
            "p(90)": 0,
            "p(95)": 0
        },
        "vus_max": {
            "value": 50,
            "min": 50,
            "max": 50
        },
        "http_req_sending": {
            "avg": 0.11359816096698097,
            "min": 0.01,
            "med": 0.092369,
            "max": 2.916686,
            "p(90)": 0.174566,
            "p(95)": 0.2243064999999999
        },
        "iteration_duration": {
            "p(95)": 1927.5442587499992,
            "avg": 628.426638744104,
            "min": 88.598668,
            "med": 366.3439045,
            "max": 6364.703482,
            "p(90)": 1470.7622685000001
        },
        "http_reqs": {
            "count": 1696,
            "rate": 26.984344980550148
        },
        "http_req_duration{expected_response:true}": {
            "max": 6363.656091,
            "p(90)": 1472.5477554000001,
            "p(95)": 1912.1853630999992,
            "avg": 619.2476626776322,
            "min": 88.4945,
            "med": 342.026655
        },
        "http_req_failed": {
            "passes": 24,
            "fails": 1672,
            "value": 0.014150943396226415
        },
        "http_req_waiting": {
            "avg": 619.8739219716991,
            "min": 88.31008,
            "med": 344.129538,
            "max": 6363.32178,
            "p(90)": 1460.5652540000003,
            "p(95)": 1905.528365
        },
        "vus": {
            "value": 2,
            "min": 1,
            "max": 49
        },
        "http_req_receiving": {
            "avg": 0.112121368514151,
            "min": 0.012375,
            "med": 0.095727,
            "max": 1.181923,
            "p(90)": 0.17667050000000004,
            "p(95)": 0.2171985
        },
        "http_req_duration": {
            "avg": 620.0996415011798,
            "min": 88.4945,
            "med": 344.3283335,
            "max": 6363.656091,
            "p(90)": 1460.8919070000004,
            "p(95)": 1905.9348639999998
        },
        "http_req_tls_handshaking": {
            "p(90)": 0,
            "p(95)": 0,
            "avg": 5.469535710495284,
            "min": 0,
            "med": 0,
            "max": 316.428632
        }
    }
}